42.1,0.000739882001
422.8,0.000739882001
464.8,0.000739643584
551.5,0.000739643584
593.6,0.000739405167
635.6,0.000739405167
677.5,0.00073916675
719.5,0.00073916675
764.4,0.000738935182
806.3,0.000738935182
848.3,0.000738696765
890.4,0.000738696765
932.3,0.000738458348
977.1,0.00073822678
1019.1,0.000737988363
1061.1,0.000737988363
1103.1,0.000737749946
1147.8,0.000737518806
1189.9,0.000737273112
1231.9,0.000737273112
1276.7,0.000737041972
1318.6,0.000736803555
1360.7,0.00073656471
1405.4,0.00073633357
1447.4,0.000736095153
1489.3,0.000735856736
1534.1,0.000735856736
1576.2,0.000735618319
1618.2,0.000735386751
1663.0,0.000735148334
1704.9,0.000734909917
1749.8,0.0007346715
1791.8,0.000734439932
1833.8,0.000734194666
1878.5,0.000733963098
1920.5,0.000733724681
1965.4,0.000733486264
2007.3,0.000733254696
2052.2,0.000733016279
2094.0,0.000732777862
2138.9,0.000732546294
2180.9,0.000732307877
2225.7,0.000732307877
2267.7,0.00073206946
2312.5,0.000731831043
2354.5,0.000731592626
2399.2,0.000731361486
2444.1,0.000731122641
2486.1,0.000730884224
2530.9,0.000730653084
2572.8,0.000730414667
2617.6,0.00073017625
2662.4,0.000729937833
2704.4,0.000729699416
2749.2,0.000729467848
2791.2,0.000729229431
2835.9,0.000728991014
2880.7,0.000728752597
2922.7,0.000728752597
2967.6,0.000728521029
3012.3,0.000728282612
3054.3,0.000728044195
3099.1,0.000727812626
3143.9,0.00072757421
3188.7,0.000727335793
3230.7,0.000727097376
3275.5,0.000726858959
3320.4,0.000726858959
3362.3,0.000726620542
3407.0,0.000726388974
3451.9,0.000726150557
3496.7,0.00072591214
3538.7,0.000725680571
3583.5,0.000725442155
3628.3,0.000725442155
3673.1,0.000725203738
3717.9,0.000724965321
3759.8,0.00072473418
3804.5,0.000724495764
3849.4,0.000724495764
3894.2,0.000724257347
3939.0,0.000724025778
3981.0,0.000723787361
4025.8,0.000723548945
4070.6,0.000723548945
4115.3,0.000723317376
4160.2,0.000723072111
4204.9,0.000722840542
4246.9,0.000722840542
4291.8,0.000722602126
4336.6,0.000722363709
4381.4,0.00072213214
4426.1,0.00072213214
4470.9,0.000721893723
4515.7,0.000721655306
4560.5,0.000721655306
4602.4,0.00072141689
4647.3,0.000721185321
4692.0,0.000720946904
4736.9,0.000720946904
4781.7,0.000720708487
4826.5,0.000720470071
4871.2,0.000720470071
4916.1,0.00072023893
4960.8,0.000719993237
5005.6,0.000719993237
5050.4,0.000719761668
5095.2,0.000719523252
5137.2,0.000719523252
5181.9,0.000719284835
5226.8,0.000719053694
5271.6,0.000719053694
5316.4,0.000718815277
5361.2,0.000718815277
5406.0,0.000718576861
5450.7,0.000718345292
5495.5,0.000718345292
5540.3,0.000718106875
5585.1,0.000718106875
5629.9,0.000717868458
5674.7,0.00071763689
5719.5,0.00071763689
5764.3,0.000717391625
5809.1,0.000717391625
5853.8,0.000717160056
5898.7,0.000716921639
5943.5,0.000716921639
5988.3,0.000716683222
6033.1,0.000716683222
6077.8,0.000716444806
6122.5,0.000716444806
6167.4,0.000716213237
6212.2,0.000716213237
6256.9,0.00071597482
6301.8,0.00071597482
6346.6,0.000715736403
6391.4,0.000715736403
6436.3,0.000715497987
6481.0,0.000715497987
6525.7,0.000715266418
6570.6,0.000715266418
6615.3,0.000715028001
6660.1,0.000715028001
6704.9,0.000714789584
6749.7,0.000714789584
6794.4,0.000714558016
6842.1,0.000714558016
6886.9,0.000714319599
6931.7,0.000714319599
6976.5,0.000714081182
7021.3,0.000714081182
7066.1,0.000713842765
7110.9,0.000713842765
7155.7,0.000713611625
7200.5,0.000713611625
7245.2,0.000713373208
7334.8,0.000713373208
7379.6,0.000713134791
7424.4,0.000713134791
7469.2,0.000712895946
7516.8,0.000712895946
7561.6,0.000712664806
7651.2,0.000712664806
7696.0,0.000712419113
7740.8,0.000712419113
7785.6,0.000712187972
7830.4,0.000712187972
7875.1,0.000711949555
7964.8,0.000711949555
8009.5,0.000711711138
8101.9,0.000711711138
8146.7,0.00071147957
8191.5,0.00071147957
8236.3,0.000711241153
8325.9,0.000711241153
8370.6,0.000711002736
8460.2,0.000711002736
8507.8,0.000710771168
8552.7,0.000710771168
8597.4,0.000710532751
8687.0,0.000710532751
8731.8,0.000710294334
8776.6,0.000710294334
8821.4,0.000710294334
8869.0,0.000710055917
8958.6,0.000710055917
9003.4,0.0007098175
9092.9,0.0007098175
9137.7,0.000709585932
9227.3,0.000709585932
9274.9,0.000709347515
9364.4,0.000709347515
9409.3,0.000709109098
9543.7,0.000709109098
9591.2,0.000708870681
9680.8,0.000708870681
9725.6,0.000708639113
9815.2,0.000708639113
9860.0,0.000708400696
9997.3,0.000708400696
10042.0,0.000708162279
10131.6,0.000708162279
10176.4,0.000707931139
10313.5,0.000707931139
10358.3,0.000707692722
10492.7,0.000707692722
10537.5,0.000707453877
10674.7,0.000707453877
10719.5,0.00070721546
10809.1,0.00070721546
10856.6,0.00070698432
11035.8,0.00070698432
11080.7,0.000706738626
11217.8,0.000706738626
11262.6,0.000706507486
11396.9,0.000706507486
11444.5,0.000706269069
11578.9,0.000706269069
11623.7,0.000706030652
11805.6,0.000706030652
11850.5,0.000705799084
12032.4,0.000705799084
12077.2,0.000705560667
12256.5,0.000705560667
12304.0,0.00070532225
12483.2,0.00070532225
12528.0,0.000705083833
12709.9,0.000705083833
12754.7,0.000704852265
12936.7,0.000704852265
12981.4,0.000704613848
13208.2,0.000704613848
13253.0,0.000704375431
13479.8,0.000704375431
13524.7,0.000704143863
13751.4,0.000704143863
13796.2,0.000703905446
14022.9,0.000703905446
14067.7,0.000703667029
14294.4,0.000703667029
14339.2,0.000703435461
14610.8,0.000703435461
14655.6,0.000703190195
14927.2,0.000703190195
14971.9,0.000702958627
